Rank	City	Price per Square Meter to Buy Apartment Outside of Centre (in USD)
1	Zurich, Switzerland	16644.22
2	Hong Kong, Hong Kong (China)	16147.45
3	Geneva, Switzerland	14601.31
4	Singapore, Singapore	14066.96
5	Tel Aviv-Yafo, Israel	13178.20
6	New York, NY, United States	12887.36
7	Basel, Switzerland	11621.53
8	Lausanne, Switzerland	11613.44
9	Seoul, South Korea	10805.83
10	San Francisco, CA, United States	10173.76
11	London, United Kingdom	10127.89
12	Paris, France	8849.85
13	Jerusalem, Israel	8720.76
14	Munich, Germany	8467.13
15	Sydney, Australia	8325.35
16	Honolulu, HI, United States	8042.15
17	Shanghai, China	7949.94
18	Luxembourg, Luxembourg	7528.19
19	San Diego, CA, United States	7219.60
20	Toronto, Canada	7168.23
21	Los Angeles, CA, United States	7131.71
22	Amsterdam, Netherlands	6999.81
23	Taipei, Taiwan	6888.41
24	Beijing, China	6831.31
25	Vancouver, Canada	6679.14
26	Victoria, Canada	6534.26
27	Shenzhen, China	6468.28
28	Auckland, New Zealand	6359.42
29	Vienna, Austria	6227.76
30	Oslo, Norway	6226.38
31	Washington, DC, United States	6098.51
32	Trondheim, Norway	6050.71
33	Bristol, United Kingdom	5942.86
34	Boston, MA, United States	5861.45
35	Dublin, Ireland	5794.75
36	Berlin, Germany	5772.80
37	Wellington, New Zealand	5745.99
38	Seattle, WA, United States	5477.16
39	Cologne, Germany	5460.33
40	Haifa, Israel	5450.94
41	Hamburg, Germany	5435.48
42	Haarlem, Netherlands	5410.87
43	Copenhagen, Denmark	5368.10
44	Reykjavik, Iceland	5341.56
45	Stockholm, Sweden	5325.68
46	Canberra, Australia	5320.61
47	Dusseldorf, Germany	5288.62
48	Melbourne, Australia	5249.92
49	Prague, Czech Republic	5122.33
50	Tokyo, Japan	4902.82
51	Frankfurt, Germany	4839.80
52	Helsinki, Finland	4801.60
53	Brisbane, Australia	4782.40
54	Stuttgart, Germany	4760.05
55	Utrecht, Netherlands	4627.79
56	Milan, Italy	4598.34
57	Abu Dhabi, United Arab Emirates	4571.69
58	Ottawa, Canada	4469.22
59	Mannheim, Germany	4430.08
60	Hangzhou, China	4336.33
61	Limassol, Cyprus	4292.71
62	Edinburgh, United Kingdom	4247.08
63	Bremen, Germany	4141.61
64	Aarhus, Denmark	4101.54
65	Guangzhou, China	4084.46
66	Montreal, Canada	4081.01
67	Brussels, Belgium	4078.07
68	Ljubljana, Slovenia	4036.01
69	Lyon, France	4017.63
70	Miami, FL, United States	3982.62
71	Barcelona, Spain	3981.00
72	Sacramento, CA, United States	3948.70
73	Brno, Czech Republic	3947.67
74	Graz, Austria	3894.35
75	Madrid, Spain	3894.16
76	The Hague (Den Haag), Netherlands	3870.10
77	Warsaw, Poland	3869.96
78	Rotterdam, Netherlands	3809.62
79	Kelowna, Canada	3781.62
80	Perth, Australia	3758.23
81	Cork, Ireland	3754.33
82	Split, Croatia	3739.34
83	Lisbon, Portugal	3728.04
84	Gothenburg, Sweden	3719.83
85	Bratislava, Slovakia	3713.08
86	Eindhoven, Netherlands	3697.83
87	Adelaide, Australia	3650.87
88	Denver, CO, United States	3646.15
89	Dresden, Germany	3640.22
90	Bergen, Norway	3639.74
91	Manchester, United Kingdom	3622.46
92	Tampere, Finland	3588.70
93	Doha, Qatar	3586.89
94	Dubai, United Arab Emirates	3497.41
95	Krakow (Cracow), Poland	3481.50
96	Rome, Italy	3399.83
97	Quebec City, Canada	3365.35
98	Suzhou, China	3344.71
99	Essen, Germany	3331.14
100	Portland, OR, United States	3326.11
101	Groningen, Netherlands	3277.61
102	Vilnius, Lithuania	3271.73
103	Boise, ID, United States	3263.51
104	Antwerp, Belgium	3244.05
105	Mumbai, India	3201.42
106	Tallinn, Estonia	3201.20
107	Toulouse, France	3171.50
108	Phoenix, AZ, United States	3163.34
109	Nashville, TN, United States	3126.93
110	Moscow, Russia	3121.24
111	Bologna, Italy	3111.36
112	Strasbourg, France	3090.75
113	Gdansk, Poland	3036.64
114	Christchurch, New Zealand	3024.07
115	Calgary, Canada	3009.00
116	Athens, Greece	3007.55
117	Plzen, Czech Republic	2996.32
118	Monterrey, Mexico	2976.03
119	Porto, Portugal	2946.44
120	Zagreb, Croatia	2945.46
121	Columbus, OH, United States	2934.93
122	Raleigh, NC, United States	2890.60
123	Wroclaw, Poland	2856.20
124	Charlotte, NC, United States	2837.71
125	Manila, Philippines	2783.80
126	Austin, TX, United States	2782.47
127	Winnipeg, Canada	2760.43
128	Santiago, Chile	2748.23
129	Glasgow, United Kingdom	2739.99
130	Chicago, IL, United States	2709.39
131	Naples, Italy	2678.65
132	Las Vegas, NV, United States	2664.54
133	Salt Lake City, UT, United States	2606.68
134	Belgrade, Serbia	2595.42
135	Bangkok, Thailand	2559.96
136	Montevideo, Uruguay	2558.73
137	Cluj-Napoca, Romania	2526.09
138	Leipzig, Germany	2513.81
139	Aberdeen, United Kingdom	2499.74
140	Tucson, AZ, United States	2472.64
141	Budapest, Hungary	2468.89
142	Minneapolis, MN, United States	2448.74
143	Tampa, FL, United States	2424.95
144	Madison, WI, United States	2424.89
145	Jacksonville, FL, United States	2412.93
146	Atlanta, GA, United States	2407.62
147	Philadelphia, PA, United States	2371.35
148	Liverpool, United Kingdom	2360.79
149	Poznan, Poland	2338.11
150	Edmonton, Canada	2315.11
151	Orlando, FL, United States	2279.84
152	Larnaca, Cyprus	2248.01
153	Dallas, TX, United States	2239.08
154	Belfast, United Kingdom	2226.14
155	Padova, Italy	2223.62
156	Valencia, Spain	2183.52
157	Thessaloniki, Greece	2167.65
158	Kaunas, Lithuania	2163.53
159	Mexico City, Mexico	2158.94
160	Novi Sad, Serbia	2148.20
161	Verona, Italy	2146.35
162	Sofia, Bulgaria	2089.95
163	New Orleans, LA, United States	2082.74
164	Ho Chi Minh City, Vietnam	2082.12
165	San Antonio, TX, United States	2060.85
166	Seville (Sevilla), Spain	2043.33
167	Saint Petersburg, Russia	2033.63
168	Katowice, Poland	1983.48
169	Chengdu, China	1982.84
170	Szczecin, Poland	1981.08
171	Buenos Aires, Argentina	1974.09
172	Baltimore, MD, United States	1958.84
173	Nicosia, Cyprus	1957.48
174	Turin, Italy	1954.76
175	Houston, TX, United States	1937.64
176	Brasov, Romania	1865.18
177	Sarajevo, Bosnia And Herzegovina	1838.84
178	Podgorica, Montenegro	1838.18
179	Addis Ababa, Ethiopia	1806.81
180	Saint Louis, MO, United States	1804.85
181	Lodz, Poland	1803.17
182	Bucharest, Romania	1738.68
183	Riga, Latvia	1738.04
184	Banja Luka, Bosnia And Herzegovina	1734.77
185	Debrecen, Hungary	1699.62
186	Istanbul, Turkey	1697.39
187	Pattaya, Thailand	1657.28
188	Hanoi, Vietnam	1638.32
189	Panama City, Panama	1628.57
190	Riyadh, Saudi Arabia	1608.02
191	Indianapolis, IN, United States	1579.47
192	Guadalajara, Mexico	1577.60
193	Kazan, Russia	1574.70
194	Gurgaon, India	1573.33
195	Genoa, Italy	1553.96
196	Yerevan, Armenia	1546.95
197	Colombo, Sri Lanka	1541.00
198	Sibiu, Romania	1538.83
199	Skopje, North Macedonia	1535.06
200	Oradea, Romania	1529.36
201	Sao Paulo, Brazil	1513.36
202	Tirana, Albania	1503.89
203	Phnom Penh, Cambodia	1492.50
204	Nis, Serbia	1482.53
205	Florianopolis, Brazil	1442.99
206	Timisoara, Romania	1439.70
207	Iasi, Romania	1428.00
208	Varna, Bulgaria	1417.90
209	Beirut, Lebanon	1400.00
210	Kuala Lumpur, Malaysia	1378.00
211	Constanta, Romania	1371.03
212	Tehran, Iran	1369.21
213	Medellin, Colombia	1362.47
214	Antalya, Turkey	1351.11
215	Brasilia, Brazil	1322.54
216	Muscat, Oman	1308.65
217	Chisinau, Moldova	1306.61
218	Lagos, Nigeria	1306.26
219	Burgas, Bulgaria	1287.46
220	Nizhny Novgorod, Russia	1286.05
221	Bogota, Colombia	1285.62
222	Kiev (Kyiv), Ukraine	1255.47
223	Quito, Ecuador	1250.00
224	Lima, Peru	1246.34
225	Plovdiv, Bulgaria	1226.92
226	Pristina, Kosovo (Disputed Territory)	1224.85
227	Cape Town, South Africa	1205.24
228	Delhi, India	1199.39
229	Minsk, Belarus	1198.50
230	Porto Alegre, Brazil	1198.06
231	Campinas, Brazil	1183.63
232	Pune, India	1178.09
233	Kathmandu, Nepal	1167.39
234	Curitiba, Brazil	1160.84
235	Yekaterinburg, Russia	1139.42
236	Krasnodar, Russia	1136.63
237	Ufa, Russia	1135.01
238	Bangalore, India	1120.43
239	Ankara, Turkey	1117.86
240	Ad Dammam, Saudi Arabia	1114.96
241	Durban, South Africa	1090.55
242	Rio de Janeiro, Brazil	1082.93
243	Baghdad, Iraq	1074.74
244	Tbilisi, Georgia	1074.31
245	Almaty, Kazakhstan	1073.09
246	Algiers, Algeria	1051.56
247	Novosibirsk, Russia	1039.42
248	Kaliningrad, Russia	1033.50
249	Izmir, Turkey	1024.36
250	Lviv, Ukraine	1023.73
251	Baku, Azerbaijan	1018.10
252	Jeddah (Jiddah), Saudi Arabia	1015.83
253	Perm, Russia	1006.87
254	Nairobi, Kenya	1003.99
255	Casablanca, Morocco	998.39
256	Guatemala City, Guatemala	997.08
257	Rostov-on-Don (Rostov-na-donu), Russia	993.94
258	Kampala, Uganda	972.43
259	Ulaanbaatar, Mongolia	971.16
260	Tashkent, Uzbekistan	954.16
261	Bursa, Turkey	952.42
262	Rabat, Morocco	923.21
263	Odessa (Odesa), Ukraine	872.82
264	Bishkek, Kyrgyzstan	863.26
265	Batumi, Ajara, Georgia	849.99
266	Caracas, Venezuela	835.84
267	Amman, Jordan	823.97
268	Belo Horizonte, Brazil	802.34
269	Hyderabad, India	791.55
270	Jakarta, Indonesia	791.24
271	Chennai, India	760.24
272	Islamabad, Pakistan	739.35
273	Chelyabinsk, Russia	731.73
274	Tunis, Tunisia	713.37
275	Noida, India	693.96
276	Pretoria, South Africa	693.61
277	Erbil (Irbil), Iraq	690.88
278	Ahmedabad, India	687.15
279	Johannesburg, South Africa	686.54
280	Astana (Nur-Sultan), Kazakhstan	680.78
281	Kharkiv, Ukraine	654.14
282	Lahore, Pakistan	585.92
283	Kolkata, India	527.22
284	Dhaka, Bangladesh	526.25
285	Coimbatore, India	509.71
286	Cairo, Egypt	459.09
287	Tripoli, Libya	395.03
288	Alexandria, Egypt	367.06
289	Karachi, Pakistan	343.04